{
  "version": "v1",
  "feature_names": [
    "f_breaking",
    "f_political",
    "f_economic",
    "f_international",
    "f_ip",
    "f_novelty",
    "f_sports",
    "f_generic_intl_only",
    "f_low_category",
    "f_body_length",
    "f_keyword_count"
  ],
  "weights": [
    0.3267724051481172,
    0.5577635091427742,
    0.0,
    0.0,
    0.0,
    0.0,
    0.4694532252108414,
    -2.8726656428301873,
    -2.318362628815993,
    -0.7790849041568183,
    5.285167805437756
  ],
  "bias": -0.9495945336665708
}