{
  "version": "v1",
  "feature_names": [
    "f_breaking",
    "f_political",
    "f_economic",
    "f_international",
    "f_ip",
    "f_novelty",
    "f_sports",
    "f_generic_intl_only",
    "f_low_category",
    "f_body_length",
    "f_keyword_count"
  ],
  "weights": [
    4.971932492920979,
    5.253119066661544,
    3.3638125813684963,
    4.654279215627055,
    4.870092246934247,
    1.0771490719834511,
    -1.5478304262222284,
    -0.9156551523910331,
    -1.401962098391818,
    -0.28639977146810236,
    -0.1445308209171627
  ],
  "bias": 0.4030949507782753
}